"ServerName","Domain","Forest","Site","GC","RODC"
"bce-dc-sv02","igbce.tik.intern","tik.intern","RZ-Hannover-TIK","True","False"
"bce-dc-sv01","igbce.tik.intern","tik.intern","RZ-Hannover-TIK","True","False"
"ngg-dc-sv02","ngg.tik.intern","tik.intern","RZ-Hannover-TIK","True","False"
"ngg-dc-sv01","ngg.tik.intern","tik.intern","RZ-Hannover-TIK","True","False"
"tik-dc-sv01","tik.intern","tik.intern","RZ-Hannover-TIK","True","False"
"tik-dc-sv02","tik.intern","tik.intern","RZ-Hannover-TIK","True","False"
