"Servername","Sprache","Version","Edition","Uptime"
"bce-dc-sv02.igbce.tik.intern","1031","2012 R2","Standard","24.07.2019 11:50:37"
"bce-dc-sv01.igbce.tik.intern","1031","2012 R2","Standard","25.07.2019 08:59:40"
"ngg-dc-sv02.ngg.tik.intern","1031","2012 R2","Standard","24.07.2019 11:50:45"
"ngg-dc-sv01.ngg.tik.intern","1031","2012 R2","Standard","25.07.2019 08:59:59"
"tik-dc-sv01.tik.intern","1031","2012 R2","Standard","26.07.2019 12:44:08"
"tik-dc-sv02.tik.intern","1031","2012 R2","Standard","24.07.2019 11:50:07"
