"Group Name","Members","Category","Scope"
"Konten-Operatoren","2","Security","DomainLocal"
"Administratoren","7","Security","DomainLocal"
"Organisations-Admins","Microsoft.ActiveDirectory.Management.ADPropertyValueCollection","Security","Universal"
"Dom?nen-Admins","11","Security","Global"
"Replikations-Operator","0","Security","DomainLocal"
"Server-Operatoren","0","Security","DomainLocal"
"Druck-Operatoren","0","Security","DomainLocal"
"Sicherungs-Operatoren","0","Security","DomainLocal"
"Dom?nencontroller","2","Security","Global"
"Schema-Admins","0","Security","Universal"
