"Primary DNS Zone","NS Records","MX Records","DNS Forwarders"
"_msdcs.tik.intern ,bessere-loesung.de ,bildungsmatrix.de ,bo-it.de ,bonusassekuranz.de ,bonusmakler.de ,chemie2018.de ,diezukunftsgewerkschaft.com ,die-zukunftsgewerkschaft.com ,diezukunftsgewerkschaft.de ,die-zukunftsgewerkschaft.de ,dubistdertarif.de ,du-bist-der-tarif.de ,erholungswerk-heinrich-imbusch.de ,future-igbce.de ,gewerkschaftstag-ngg.de ,igbce.de ,igbce-aktuell.de ,igbce-bauerfeind.de ,igbce-bonusagentur.de ,igbce-bonusassekuranz.de ,igbce-bonusfinanzkanzlei.de ,igbce-bonusmakler.de ,igbce-bonusreisen.de ,igbce-jugend.de ,innovationsforum-energiewende.de ,jugend-igbce.de ,junge-ngg.net ,kunststoffgewerkschaft.de ,kunststoffgewerkschaft-augsburg.de ,modelldeutschland.de ,modell-deutschland.de ,ngg.net ,ngg-ost.de ,ngg-vor-ort.net ,test.igbce-bonusagentur.de ,test.local ,tik.info ,tik.intern ,tik-info.de ,TrustAnchors ,weil-du-es-wert-bist.de ,weiterbildung-igbce.de ,zukunftsgewerkschaft.com ,zukunftsgewerkschaft.de ,zukunftsgewerkschaft.eu ,zukunftsgewerkschaft.info ,zukunftsgewerkschaft.net ,zukunftsgewerkschaft.org ,zukunftsgewerkschaft2020.de","bce-dc-sv01.igbce.tik.intern ,tik-dc-sv02.tik.intern ,tik-dc-sv01.tik.intern ,bce-dc-sv02.igbce.tik.intern ,ngg-dc-sv01.ngg.tik.intern ,ngg-dc-sv02.ngg.tik.intern","email.tik.intern","172.20.6.65 ,172.20.6.66"
"_msdcs.tik.intern ,bessere-loesung.de ,bildungsmatrix.de ,bo-it.de ,bonusassekuranz.de ,bonusmakler.de ,chemie2018.de ,diezukunftsgewerkschaft.com ,die-zukunftsgewerkschaft.com ,diezukunftsgewerkschaft.de ,die-zukunftsgewerkschaft.de ,dubistdertarif.de ,du-bist-der-tarif.de ,erholungswerk-heinrich-imbusch.de ,future-igbce.de ,gewerkschaftstag-ngg.de ,igbce.de ,igbce-aktuell.de ,igbce-bauerfeind.de ,igbce-bonusagentur.de ,igbce-bonusassekuranz.de ,igbce-bonusfinanzkanzlei.de ,igbce-bonusmakler.de ,igbce-bonusreisen.de ,igbce-jugend.de ,innovationsforum-energiewende.de ,jugend-igbce.de ,junge-ngg.net ,kunststoffgewerkschaft.de ,kunststoffgewerkschaft-augsburg.de ,modelldeutschland.de ,modell-deutschland.de ,ngg.net ,ngg-ost.de ,ngg-vor-ort.net ,test.igbce-bonusagentur.de ,test.local ,tik.info ,tik.intern ,tik-info.de ,TrustAnchors ,weil-du-es-wert-bist.de ,weiterbildung-igbce.de ,zukunftsgewerkschaft.com ,zukunftsgewerkschaft.de ,zukunftsgewerkschaft.eu ,zukunftsgewerkschaft.info ,zukunftsgewerkschaft.net ,zukunftsgewerkschaft.org ,zukunftsgewerkschaft2020.de","tik-dc-sv02.tik.intern ,tik-dc-sv01.tik.intern ,bce-dc-sv02.igbce.tik.intern ,ngg-dc-sv01.ngg.tik.intern ,ngg-dc-sv02.ngg.tik.intern ,bce-dc-sv01.igbce.tik.intern","email.tik.intern","172.20.6.65 ,172.20.6.66"
"_msdcs.tik.intern ,bessere-loesung.de ,bildungsmatrix.de ,bo-it.de ,bonusassekuranz.de ,bonusmakler.de ,chemie2018.de ,diezukunftsgewerkschaft.com ,die-zukunftsgewerkschaft.com ,diezukunftsgewerkschaft.de ,die-zukunftsgewerkschaft.de ,dubistdertarif.de ,du-bist-der-tarif.de ,erholungswerk-heinrich-imbusch.de ,future-igbce.de ,gewerkschaftstag-ngg.de ,igbce.de ,igbce-aktuell.de ,igbce-bauerfeind.de ,igbce-bonusagentur.de ,igbce-bonusassekuranz.de ,igbce-bonusfinanzkanzlei.de ,igbce-bonusmakler.de ,igbce-bonusreisen.de ,igbce-jugend.de ,innovationsforum-energiewende.de ,jugend-igbce.de ,junge-ngg.net ,kunststoffgewerkschaft.de ,kunststoffgewerkschaft-augsburg.de ,modelldeutschland.de ,modell-deutschland.de ,ngg.net ,ngg-ost.de ,ngg-vor-ort.net ,test.igbce-bonusagentur.de ,test.local ,tik.info ,tik.intern ,tik-info.de ,TrustAnchors ,weil-du-es-wert-bist.de ,weiterbildung-igbce.de ,zukunftsgewerkschaft.com ,zukunftsgewerkschaft.de ,zukunftsgewerkschaft.eu ,zukunftsgewerkschaft.info ,zukunftsgewerkschaft.net ,zukunftsgewerkschaft.org ,zukunftsgewerkschaft2020.de","tik-dc-sv01.tik.intern ,bce-dc-sv02.igbce.tik.intern ,ngg-dc-sv01.ngg.tik.intern ,ngg-dc-sv02.ngg.tik.intern ,bce-dc-sv01.igbce.tik.intern ,tik-dc-sv02.tik.intern","email.tik.intern","172.20.6.65 ,172.20.6.66"
"_msdcs.tik.intern ,bessere-loesung.de ,bildungsmatrix.de ,bo-it.de ,bonusassekuranz.de ,bonusmakler.de ,chemie2018.de ,diezukunftsgewerkschaft.com ,die-zukunftsgewerkschaft.com ,diezukunftsgewerkschaft.de ,die-zukunftsgewerkschaft.de ,dubistdertarif.de ,du-bist-der-tarif.de ,erholungswerk-heinrich-imbusch.de ,future-igbce.de ,gewerkschaftstag-ngg.de ,igbce.de ,igbce-aktuell.de ,igbce-bauerfeind.de ,igbce-bonusagentur.de ,igbce-bonusassekuranz.de ,igbce-bonusfinanzkanzlei.de ,igbce-bonusmakler.de ,igbce-bonusreisen.de ,igbce-jugend.de ,innovationsforum-energiewende.de ,jugend-igbce.de ,junge-ngg.net ,kunststoffgewerkschaft.de ,kunststoffgewerkschaft-augsburg.de ,modelldeutschland.de ,modell-deutschland.de ,ngg.net ,ngg-ost.de ,ngg-vor-ort.net ,test.igbce-bonusagentur.de ,test.local ,tik.info ,tik.intern ,tik-info.de ,TrustAnchors ,weil-du-es-wert-bist.de ,weiterbildung-igbce.de ,zukunftsgewerkschaft.com ,zukunftsgewerkschaft.de ,zukunftsgewerkschaft.eu ,zukunftsgewerkschaft.info ,zukunftsgewerkschaft.net ,zukunftsgewerkschaft.org ,zukunftsgewerkschaft2020.de","bce-dc-sv02.igbce.tik.intern ,ngg-dc-sv01.ngg.tik.intern ,ngg-dc-sv02.ngg.tik.intern ,bce-dc-sv01.igbce.tik.intern ,tik-dc-sv02.tik.intern ,tik-dc-sv01.tik.intern","email.tik.intern","172.20.6.65 ,172.20.6.66"
"_msdcs.tik.intern ,bessere-loesung.de ,bildungsmatrix.de ,bo-it.de ,bonusassekuranz.de ,bonusmakler.de ,chemie2018.de ,diezukunftsgewerkschaft.com ,die-zukunftsgewerkschaft.com ,diezukunftsgewerkschaft.de ,die-zukunftsgewerkschaft.de ,dubistdertarif.de ,du-bist-der-tarif.de ,erholungswerk-heinrich-imbusch.de ,future-igbce.de ,gewerkschaftstag-ngg.de ,igbce.de ,igbce-aktuell.de ,igbce-bauerfeind.de ,igbce-bonusagentur.de ,igbce-bonusassekuranz.de ,igbce-bonusfinanzkanzlei.de ,igbce-bonusmakler.de ,igbce-bonusreisen.de ,igbce-jugend.de ,innovationsforum-energiewende.de ,jugend-igbce.de ,junge-ngg.net ,kunststoffgewerkschaft.de ,kunststoffgewerkschaft-augsburg.de ,modelldeutschland.de ,modell-deutschland.de ,ngg.net ,ngg-ost.de ,ngg-vor-ort.net ,test.igbce-bonusagentur.de ,test.local ,tik.info ,tik.intern ,tik-info.de ,TrustAnchors ,weil-du-es-wert-bist.de ,weiterbildung-igbce.de ,zukunftsgewerkschaft.com ,zukunftsgewerkschaft.de ,zukunftsgewerkschaft.eu ,zukunftsgewerkschaft.info ,zukunftsgewerkschaft.net ,zukunftsgewerkschaft.org ,zukunftsgewerkschaft2020.de","ngg-dc-sv01.ngg.tik.intern ,ngg-dc-sv02.ngg.tik.intern ,bce-dc-sv01.igbce.tik.intern ,tik-dc-sv02.tik.intern ,tik-dc-sv01.tik.intern ,bce-dc-sv02.igbce.tik.intern","email.tik.intern","172.20.6.65 ,172.20.6.66"
"_msdcs.tik.intern ,bessere-loesung.de ,bildungsmatrix.de ,bo-it.de ,bonusassekuranz.de ,bonusmakler.de ,chemie2018.de ,diezukunftsgewerkschaft.com ,die-zukunftsgewerkschaft.com ,diezukunftsgewerkschaft.de ,die-zukunftsgewerkschaft.de ,dubistdertarif.de ,du-bist-der-tarif.de ,erholungswerk-heinrich-imbusch.de ,future-igbce.de ,gewerkschaftstag-ngg.de ,igbce.de ,igbce-aktuell.de ,igbce-bauerfeind.de ,igbce-bonusagentur.de ,igbce-bonusassekuranz.de ,igbce-bonusfinanzkanzlei.de ,igbce-bonusmakler.de ,igbce-bonusreisen.de ,igbce-jugend.de ,innovationsforum-energiewende.de ,jugend-igbce.de ,junge-ngg.net ,kunststoffgewerkschaft.de ,kunststoffgewerkschaft-augsburg.de ,modelldeutschland.de ,modell-deutschland.de ,ngg.net ,ngg-ost.de ,ngg-vor-ort.net ,test.igbce-bonusagentur.de ,test.local ,tik.info ,tik.intern ,tik-info.de ,TrustAnchors ,weil-du-es-wert-bist.de ,weiterbildung-igbce.de ,zukunftsgewerkschaft.com ,zukunftsgewerkschaft.de ,zukunftsgewerkschaft.eu ,zukunftsgewerkschaft.info ,zukunftsgewerkschaft.net ,zukunftsgewerkschaft.org ,zukunftsgewerkschaft2020.de","tik-dc-sv02.tik.intern ,tik-dc-sv01.tik.intern ,bce-dc-sv02.igbce.tik.intern ,ngg-dc-sv01.ngg.tik.intern ,ngg-dc-sv02.ngg.tik.intern ,bce-dc-sv01.igbce.tik.intern","email.tik.intern","172.20.6.65 ,172.20.6.66"
