"Servername","Sprache","Version","Edition","Uptime"
"bce-dc-sv02.igbce.tik.intern","1031","2012 R2","Standard","14.08.2019 14:42:37"
"bce-dc-sv01.igbce.tik.intern","1031","2012 R2","Standard","13.08.2019 12:30:19"
"ngg-dc-sv02.ngg.tik.intern","1031","2012 R2","Standard","14.08.2019 16:20:36"
"ngg-dc-sv01.ngg.tik.intern","1031","2012 R2","Standard","13.08.2019 12:32:30"
"tik-dc-sv01.tik.intern","1031","2012 R2","Standard","29.07.2019 09:36:38"
"tik-dc-sv02.tik.intern","1031","2012 R2","Standard","14.08.2019 14:41:34"
